Workbook

Sheet Test Cases
A1: Test ID | B1: Module | C1: Test Title | D1: Priority | E1: Environment | F1: Preconditions | G1: Test Data | H1: Test Steps | I1: Expected Result | J1: Actual Result | K1: Status | L1: Tester | M1: Date Tested | N1: Notes / Bug ID
A2: TC-AUTH-01 | B2: Authentication | C2: Register a new account with valid details | D2: High | E2: Simulator or iPhone | F2: App freshly installed, not signed in. | G2: Email: fridgefit.test1@example.com Password: Test1234 | H2: 1. Tap "Don't have an account? Sign up". 2. Enter email, password and the same confirm password. 3. Tap Create Account / Sign Up. | I2: Account is created and the app goes straight to the Pantry tab (empty pantry). | K2: Not Run
A3: TC-AUTH-02 | B3: Authentication | C3: Register with a password shorter than 6 characters | D3: Medium | E3: Simulator or iPhone | F3: On the Sign Up screen. | G3: Password: 12345 | H3: 1. Enter a valid email. 2. Enter 12345 as password and confirm password. | I3: Message "Password must be at least 6 characters." is shown and the sign up button stays disabled. | K3: Not Run
A4: TC-AUTH-03 | B4: Authentication | C4: Register with passwords that don't match | D4: Medium | E4: Simulator or iPhone | F4: On the Sign Up screen. | G4: Password: Test1234 Confirm: Test12345 | H4: 1. Enter a valid email. 2. Enter different values in Password and Confirm Password. | I4: Message "Passwords do not match." is shown and the sign up button stays disabled. | K4: Not Run
A5: TC-AUTH-04 | B5: Authentication | C5: Register with an email that's already used | D5: Medium | E5: Simulator or iPhone | F5: TC-AUTH-01 done (account exists). | G5: Email: fridgefit.test1@example.com | H5: 1. Open Sign Up. 2. Enter the existing email and a valid password. 3. Submit. | I5: A red error message from Firebase is shown (email already in use). No second account, user stays on the sign up screen. | K5: Not Run
A6: TC-AUTH-05 | B6: Authentication | C6: Log in with correct email and password | D6: High | E6: Simulator or iPhone | F6: Account from TC-AUTH-01 exists, signed out. | G6: Email: fridgefit.test1@example.com Password: Test1234 | H6: 1. Enter email and password on the login screen. 2. Tap Log In. | I6: A loading spinner shows briefly, then the Pantry tab opens. | K6: Not Run
A7: TC-AUTH-06 | B7: Authentication | C7: Log in with a wrong password | D7: High | E7: Simulator or iPhone | F7: Signed out. | G7: Password: wrongpass | H7: 1. Enter a valid email and a wrong password. 2. Tap Log In. | I7: Red error message appears under the fields. User stays on the login screen. App doesn't crash. | K7: Not Run
A8: TC-AUTH-07 | B8: Authentication | C8: Log In button disabled with empty fields | D8: Low | E8: Simulator or iPhone | F8: Signed out. | G8: - | H8: 1. Leave email empty, type a password. 2. Then clear password and type an email. | I8: Log In button is greyed out / not tappable whenever either field is empty. | K8: Not Run
A9: TC-AUTH-08 | B9: Authentication | C9: Sign in with Google | D9: High | E9: Simulator or iPhone | F9: Signed out. A Google account available. | G9: Any Google test account | H9: 1. Tap the Google Sign-In button. 2. Pick an account and allow access. | I9: Google sign-in sheet opens, then returns to FridgeFit and the Pantry tab is shown. | K9: Not Run
A10: TC-AUTH-09 | B10: Authentication | C10: Cancel Google sign-in halfway | D10: Low | E10: Simulator or iPhone | F10: Signed out. | G10: - | H10: 1. Tap the Google Sign-In button. 2. Close the Google sheet without choosing an account. | I10: User is back on the login screen. No crash. (An error/cancel message is acceptable.) | K10: Not Run
A11: TC-AUTH-10 | B11: Authentication | C11: Stay signed in after closing the app | D11: High | E11: Simulator or iPhone | F11: Signed in. | G11: - | H11: 1. Swipe the app away from the app switcher (force quit). 2. Open FridgeFit again. | I11: App opens directly on the Pantry tab, no login needed. | K11: Not Run
A12: TC-AUTH-11 | B12: Authentication | C12: Sign out | D12: High | E12: Simulator or iPhone | F12: Signed in. | G12: - | H12: 1. Go to the Profile tab. 2. Tap Sign Out. 3. Force quit and reopen the app. | I12: Login screen shows after Sign Out, and still shows after reopening the app. | K12: Not Run
A13: TC-PRO-01 | B13: Profile | C13: Profile shows the signed-in email | D13: Low | E13: Simulator or iPhone | F13: Signed in with email account. | G13: fridgefit.test1@example.com | H13: 1. Open the Profile tab. | I13: Text "Signed in as fridgefit.test1@example.com" and a red Sign Out button are shown. | K13: Not Run
... A69: TC-NF-05 | B69: Reliability | C69: Use the pantry with no internet | D69: Medium | E69: Real iPhone | F69: Signed in. Airplane mode ON. | G69: Add "Onion" | H69: 1. Try to add Onion. 2. Turn airplane mode off and wait. | I69: App doesn't crash or freeze forever. Once back online, Onion is in the pantry (or a clear error was shown). | K69: Not Run

Sheet Read Me
A1: FridgeFit - Manual Test Cases
A3: What this is
A4: Manual test cases for things the automated tests can't cover: real Firebase login, real device features (camera, Apple Intelligence), OpenRouter, and general usability.
A6: How to use it
A7: 1. Go through the 'Test Cases' sheet. Follow Preconditions, Test Data and Steps for each row.
A8: 2. Fill in only the yellow columns: Actual Result, Status, Tester, Date Tested, Notes / Bug ID.
A9: 3. Status is a dropdown: Pass / Fail / Blocked / Not Run. Use Blocked when you can't run it (e.g. no Apple Intelligence device).
A10: 4. If something fails, add a row to 'Bug Log' and put its Bug ID in the Notes / Bug ID column.
A11: 5. 'Summary' updates by itself from the Status column.
A13: Environment column
A14: Simulator: any iOS 26 simulator is fine.
A15: Real iPhone: needs a device (set your team in Secrets.xcconfig, see README).
... A19: Use throwaway emails like fridgefit.test1@example.com. Don't use your real password.

Sheet Summary
A1: Test Run Summary
A3: Status | B3: Count | D3: Module | E3: Total | F3: Pass | G3: Fail | H3: Blocked | I3: Not Run
A4: Pass | B4: =COUNTIF('Test Cases'!$K$2:$K$69,A4) | D4: Authentication | E4: =COUNTIF('Test Cases'!$B$2:$B$69,D4) | F4: =COUNTIFS('Test Cases'!$B$2:$B$69,$D4,'Test Cases'!$K$2:$K$69,"Pass") | G4: =COUNTIFS('Test Cases'!$B$2:$B$69,$D4,'Test Cases'!$K$2:$K$69,"Fail") | H4: =COUNTIFS('Test Cases'!$B$2:$B$69,$D4,'Test Cases'!$K$2:$K$69,"Blocked") | I4: =COUNTIFS('Test Cases'!$B$2:$B$69,$D4,'Test Cases'!$K$2:$K$69,"Not Run")
A5: Fail | B5: =COUNTIF('Test Cases'!$K$2:$K$69,A5) | D5: Profile | E5: =COUNTIF('Test Cases'!$B$2:$B$69,D5) | F5: =COUNTIFS('Test Cases'!$B$2:$B$69,$D5,'Test Cases'!$K$2:$K$69,"Pass") | G5: =COUNTIFS('Test Cases'!$B$2:$B$69,$D5,'Test Cases'!$K$2:$K$69,"Fail") | H5: =COUNTIFS('Test Cases'!$B$2:$B$69,$D5,'Test Cases'!$K$2:$K$69,"Blocked") | I5: =COUNTIFS('Test Cases'!$B$2:$B$69,$D5,'Test Cases'!$K$2:$K$69,"Not Run")
A6: Blocked | B6: =COUNTIF('Test Cases'!$K$2:$K$69,A6) | D6: Pantry | E6: =COUNTIF('Test Cases'!$B$2:$B$69,D6) | F6: =COUNTIFS('Test Cases'!$B$2:$B$69,$D6,'Test Cases'!$K$2:$K$69,"Pass") | G6: =COUNTIFS('Test Cases'!$B$2:$B$69,$D6,'Test Cases'!$K$2:$K$69,"Fail") | H6: =COUNTIFS('Test Cases'!$B$2:$B$69,$D6,'Test Cases'!$K$2:$K$69,"Blocked") | I6: =COUNTIFS('Test Cases'!$B$2:$B$69,$D6,'Test Cases'!$K$2:$K$69,"Not Run")
A7: Not Run | B7: =COUNTIF('Test Cases'!$K$2:$K$69,A7) | D7: Recipes | E7: =COUNTIF('Test Cases'!$B$2:$B$69,D7) | F7: =COUNTIFS('Test Cases'!$B$2:$B$69,$D7,'Test Cases'!$K$2:$K$69,"Pass") | G7: =COUNTIFS('Test Cases'!$B$2:$B$69,$D7,'Test Cases'!$K$2:$K$69,"Fail") | H7: =COUNTIFS('Test Cases'!$B$2:$B$69,$D7,'Test Cases'!$K$2:$K$69,"Blocked") | I7: =COUNTIFS('Test Cases'!$B$2:$B$69,$D7,'Test Cases'!$K$2:$K$69,"Not Run")
A8: Total | B8: =SUM(B4:B7) | D8: Substitution | E8: =COUNTIF('Test Cases'!$B$2:$B$69,D8) | F8: =COUNTIFS('Test Cases'!$B$2:$B$69,$D8,'Test Cases'!$K$2:$K$69,"Pass") | G8: =COUNTIFS('Test Cases'!$B$2:$B$69,$D8,'Test Cases'!$K$2:$K$69,"Fail") | H8: =COUNTIFS('Test Cases'!$B$2:$B$69,$D8,'Test Cases'!$K$2:$K$69,"Blocked") | I8: =COUNTIFS('Test Cases'!$B$2:$B$69,$D8,'Test Cases'!$K$2:$K$69,"Not Run")
A9: Executed (Pass + Fail) | B9: =B4+B5 | D9: Pantry Ideas (AI) | E9: =COUNTIF('Test Cases'!$B$2:$B$69,D9) | F9: =COUNTIFS('Test Cases'!$B$2:$B$69,$D9,'Test Cases'!$K$2:$K$69,"Pass") | G9: =COUNTIFS('Test Cases'!$B$2:$B$69,$D9,'Test Cases'!$K$2:$K$69,"Fail") | H9: =COUNTIFS('Test Cases'!$B$2:$B$69,$D9,'Test Cases'!$K$2:$K$69,"Blocked") | I9: =COUNTIFS('Test Cases'!$B$2:$B$69,$D9,'Test Cases'!$K$2:$K$69,"Not Run")
A10: Pass rate (of executed) | B10: =IF(B9=0,0,B4/B9) | D10: Receipt Scan | E10: =COUNTIF('Test Cases'!$B$2:$B$69,D10) | F10: =COUNTIFS('Test Cases'!$B$2:$B$69,$D10,'Test Cases'!$K$2:$K$69,"Pass") | G10: =COUNTIFS('Test Cases'!$B$2:$B$69,$D10,'Test Cases'!$K$2:$K$69,"Fail") | H10: =COUNTIFS('Test Cases'!$B$2:$B$69,$D10,'Test Cases'!$K$2:$K$69,"Blocked") | I10: =COUNTIFS('Test Cases'!$B$2:$B$69,$D10,'Test Cases'!$K$2:$K$69,"Not Run")
A11: Progress (run incl. Blocked / total) | B11: =IF(B8=0,0,(B4+B5+B6)/B8) | D11: Usability / Accessibility | E11: =COUNTIF('Test Cases'!$B$2:$B$69,D11) | F11: =COUNTIFS('Test Cases'!$B$2:$B$69,$D11,'Test Cases'!$K$2:$K$69,"Pass") | G11: =COUNTIFS('Test Cases'!$B$2:$B$69,$D11,'Test Cases'!$K$2:$K$69,"Fail") | H11: =COUNTIFS('Test Cases'!$B$2:$B$69,$D11,'Test Cases'!$K$2:$K$69,"Blocked") | I11: =COUNTIFS('Test Cases'!$B$2:$B$69,$D11,'Test Cases'!$K$2:$K$69,"Not Run")
D12: Reliability | E12: =COUNTIF('Test Cases'!$B$2:$B$69,D12) | F12: =COUNTIFS('Test Cases'!$B$2:$B$69,$D12,'Test Cases'!$K$2:$K$69,"Pass") | G12: =COUNTIFS('Test Cases'!$B$2:$B$69,$D12,'Test Cases'!$K$2:$K$69,"Fail") | H12: =COUNTIFS('Test Cases'!$B$2:$B$69,$D12,'Test Cases'!$K$2:$K$69,"Blocked") | I12: =COUNTIFS('Test Cases'!$B$2:$B$69,$D12,'Test Cases'!$K$2:$K$69,"Not Run")
D13: Total | E13: =SUM(E4:E12) | F13: =SUM(F4:F12) | G13: =SUM(G4:G12) | H13: =SUM(H4:H12) | I13: =SUM(I4:I12)
A14: Priority | B14: Total | C14: Failed
A15: High | B15: =COUNTIF('Test Cases'!$D$2:$D$69,A15) | C15: =COUNTIFS('Test Cases'!$D$2:$D$69,A15,'Test Cases'!$K$2:$K$69,"Fail")
A16: Medium | B16: =COUNTIF('Test Cases'!$D$2:$D$69,A16) | C16: =COUNTIFS('Test Cases'!$D$2:$D$69,A16,'Test Cases'!$K$2:$K$69,"Fail")
A17: Low | B17: =COUNTIF('Test Cases'!$D$2:$D$69,A17) | C17: =COUNTIFS('Test Cases'!$D$2:$D$69,A17,'Test Cases'!$K$2:$K$69,"Fail")

Sheet Bug Log
A1: Bug ID | B1: Related Test ID | C1: Title | D1: Severity | E1: Environment | F1: Steps to Reproduce | G1: Expected | H1: Actual | I1: Status | J1: Found By | K1: Date Found
A2: BUG-001 | B2: TC-PAN-08 | C2: Tapping the empty middle of a pantry row does nothing | D2: Low | E2: Simulator (iPhone 17 Pro, iOS 26.2) | F2: 1. Have at least one pantry item. 2. Tap the blank space between the item name and the quantity. | G2: Update Quantity sheet opens. | H2: Nothing happens. Only tapping the text/icon works. Found by the UI test (plain button + Spacer has no contentShape). | I2: Fixed
A4: Row 2 is a real example (found while writing the UI tests). Add new bugs below it.
